52.129.38.0/24,US,US-WA,Seattle,
52.129.39.0/24,US,US-WA,Seattle,
64.113.20.0/24,US,US-WA,Seattle,
64.113.21.0/24,US,US-CA,Los Angeles,
64.113.22.0/24,US,US-NY,New York,
64.113.23.0/24,US,US-CA,Los Angeles,
72.42.240.0/24,US,US-WA,Seattle,
72.42.241.0/24,US,US-CA,Los Angeles,
72.42.242.0/24,US,US-IL,Chicago,
72.42.243.0/24,US,US-NY,New York,
72.42.244.0/24,US,US-TX,Dallas-Fort Worth,
72.42.245.0/24,US,US-GA,Atlanta,
72.42.246.0/24,US,US-CA,Los Angeles,
72.42.247.0/24,US,US-WA,Seattle,
104.129.152.0/24,US,US-NY,New York,
104.129.153.0/24,US,US-IL,Chicago,
104.129.154.0/24,US,US-WA,Seattle,
104.129.155.0/24,US,US-CA,Los Angeles,
135.84.112.0/24,US,US-WA,Seattle,
135.84.113.0/24,US,US-CA,Los Angeles,
135.84.114.0/24,US,US-NY,New York,
135.84.115.0/24,US,US-TX,Dallas-Fort Worth,
137.83.104.0/24,US,US-CA,Los Angeles,
137.83.105.0/24,US,US-GA,Atlanta,
137.83.106.0/24,US,US-WA,Seattle,
137.83.107.0/24,US,US-IL,Chicago,
137.83.108.0/24,US,US-NY,New York,
137.83.109.0/24,US,US-IL,Chicago,
137.83.110.0/24,US,US-TX,Dallas-Fort Worth,
137.83.111.0/24,US,US-GA,Atlanta,
139.60.228.0/24,US,US-GA,Atlanta,
139.60.229.0/24,US,US-IL,Chicago,
139.60.230.0/24,US,US-NY,New York,
139.60.231.0/24,US,US-WA,Seattle,
143.244.96.0/24,US,US-IL,Chicago,
143.244.97.0/24,US,US-NY,New York,
143.244.98.0/24,US,US-WA,Seattle,
143.244.99.0/24,US,US-CA,San Jose,
143.244.100.0/24,US,US-NY,New York,
143.244.101.0/24,US,US-GA,Atlanta,
143.244.102.0/24,US,US-TX,Dallas-Fort Worth,
143.244.103.0/24,US,US-NY,New York,
143.244.104.0/24,US,US-IL,Chicago,
143.244.105.0/24,US,US-GA,Atlanta,
143.244.106.0/24,US,US-WA,Seattle,
143.244.107.0/24,US,US-NY,New York,
143.244.108.0/24,US,US-CA,San Jose,
143.244.109.0/24,US,US-CA,Los Angeles,
143.244.110.0/24,US,US-TX,Dallas-Fort Worth,
143.244.111.0/24,US,US-GA,Atlanta,
143.244.112.0/24,US,US-WA,Seattle,
143.244.114.0/24,US,US-IL,Chicago,
143.244.115.0/24,US,US-CO,Denver,
143.244.116.0/24,US,US-WA,Seattle,
143.244.117.0/24,US,US-CA,San Jose,
143.244.118.0/24,US,US-NY,New York,
143.244.119.0/24,US,US-TX,Dallas-Fort Worth,
143.244.120.0/24,US,US-TX,Dallas-Fort Worth,
143.244.121.0/24,US,US-GA,Atlanta,
143.244.122.0/24,US,US-NY,New York,
143.244.123.0/24,US,US-CO,Denver,
143.244.124.0/24,US,US-IL,Chicago,
143.244.125.0/24,US,US-NY,New York,
143.244.126.0/24,US,US-GA,Atlanta,
143.244.127.0/24,US,US-TX,Dallas-Fort Worth,
147.92.92.0/24,US,US-IL,Chicago,
147.92.93.0/24,US,US-WA,Seattle,
147.92.94.0/24,US,US-TX,Dallas-Fort Worth,
147.92.95.0/24,US,US-CA,Los Angeles,
148.163.176.0/24,US,US-WA,Seattle,
148.163.177.0/24,US,US-WA,Seattle,
159.112.192.0/24,US,US-IL,Chicago,
159.112.193.0/24,US,US-VA,Ashburn,
159.112.194.0/24,US,US-CA,San Jose,
159.112.195.0/24,US,US-CA,Los Angeles,
159.112.196.0/24,US,US-NY,New York,
159.112.197.0/24,US,US-GA,Atlanta,
159.112.198.0/24,US,US-TX,Dallas-Fort Worth,
159.112.199.0/24,DE,DE-HE,Frankfurt am Main,
159.112.200.0/24,US,US-GA,Atlanta,
159.112.201.0/24,US,US-CO,Denver,
159.112.202.0/24,US,US-NY,New York,
159.112.203.0/24,US,US-CA,Los Angeles,
159.112.204.0/24,US,US-VA,Ashburn,
159.112.205.0/24,US,US-IL,Chicago,
159.112.206.0/24,US,US-GA,Atlanta,
159.112.207.0/24,US,US-CO,Denver,
159.112.208.0/24,US,US-GA,Atlanta,
159.112.209.0/24,US,US-NY,New York,
159.112.210.0/24,DE,DE-HE,Frankfurt am Main,
159.112.211.0/24,US,US-VA,Ashburn,
159.112.212.0/24,US,US-WA,Seattle,
159.112.213.0/24,US,US-CA,San Jose,
159.112.214.0/24,US,US-IL,Chicago,
159.112.215.0/24,US,US-GA,Atlanta,
163.182.162.0/24,US,US-WA,Seattle,
163.182.163.0/24,US,US-TX,Dallas-Fort Worth,
163.182.167.0/24,US,US-GA,Atlanta,
167.224.96.0/24,US,US-IL,Chicago,
167.224.97.0/24,US,US-CA,Los Angeles,
167.224.98.0/24,US,US-GA,Atlanta,
167.224.99.0/24,US,US-TX,Dallas-Fort Worth,
167.224.100.0/24,US,US-NY,New York,
167.224.101.0/24,US,US-WA,Seattle,
167.224.102.0/24,US,US-IL,Chicago,
167.224.103.0/24,US,US-NY,New York,
167.224.104.0/24,US,US-GA,Atlanta,
167.224.105.0/24,US,US-IL,Chicago,
167.224.106.0/24,US,US-NY,New York,
167.224.107.0/24,US,US-TX,Dallas-Fort Worth,
167.224.108.0/24,US,US-CA,Los Angeles,
167.224.109.0/24,US,US-IL,Chicago,
167.224.110.0/24,US,US-WA,Seattle,
167.224.111.0/24,US,US-NY,New York,
167.224.112.0/24,US,US-GA,Atlanta,
167.224.113.0/24,US,US-CA,San Jose,
167.224.115.0/24,US,US-GA,Atlanta,
167.224.116.0/24,US,US-CA,Los Angeles,
167.224.117.0/24,US,US-IL,Chicago,
167.224.118.0/24,US,US-WA,Seattle,
167.224.119.0/24,US,US-CA,Los Angeles,
167.224.120.0/24,US,US-NY,New York,
167.224.121.0/24,US,US-GA,Atlanta,
167.224.122.0/24,US,US-IL,Chicago,
167.224.123.0/24,US,US-NY,New York,
167.224.124.0/24,US,US-GA,Atlanta,
167.224.126.0/24,US,US-VA,Ashburn,
167.224.127.0/24,US,US-VA,Ashburn,
168.220.96.0/24,US,US-WA,Seattle,
168.220.97.0/24,US,US-VA,Ashburn,
168.220.98.0/24,US,US-GA,Atlanta,
168.220.99.0/24,US,US-IL,Chicago,
168.220.100.0/24,US,US-CA,Los Angeles,
168.220.101.0/24,US,US-TX,Dallas-Fort Worth,
168.220.102.0/24,US,US-WA,Seattle,
168.220.103.0/24,US,US-CA,San Jose,
168.220.104.0/24,US,US-NY,New York,
168.220.105.0/24,US,US-GA,Atlanta,
168.220.106.0/24,US,US-VA,Ashburn,
168.220.107.0/24,US,US-GA,Atlanta,
168.220.108.0/24,US,US-WA,Seattle,
168.220.109.0/24,US,US-IL,Chicago,
168.220.110.0/24,US,US-GA,Atlanta,
168.220.111.0/24,DE,DE-HE,Frankfurt am Main,
168.220.113.0/24,US,US-GA,Atlanta,
168.220.114.0/24,US,US-GA,Atlanta,
168.220.115.0/24,US,US-TX,Dallas-Fort Worth,
168.220.116.0/24,US,US-VA,Ashburn,
168.220.117.0/24,US,US-CO,Denver,
168.220.118.0/24,US,US-GA,Atlanta,
168.220.119.0/24,US,US-IL,Chicago,
168.220.120.0/24,US,US-NY,New York,
168.220.121.0/24,DE,DE-HE,Frankfurt am Main,
168.220.122.0/24,US,US-GA,Atlanta,
168.220.123.0/24,US,US-TX,Dallas-Fort Worth,
168.220.124.0/24,US,US-VA,Ashburn,
168.220.125.0/24,US,US-WA,Seattle,
168.220.126.0/24,US,US-GA,Atlanta,
168.220.127.0/24,US,US-NY,New York,
170.199.232.0/24,US,US-WA,Seattle,
170.199.233.0/24,US,US-GA,Atlanta,
170.199.234.0/24,US,US-IL,Chicago,
170.199.235.0/24,US,US-TX,Dallas-Fort Worth,
192.132.61.0/24,US,US-WA,Seattle,
192.248.224.0/24,US,US-CA,Los Angeles,
192.248.225.0/24,US,US-CA,San Jose,
192.248.226.0/24,US,US-CA,San Jose,
192.248.227.0/24,US,US-NY,New York,
192.248.228.0/24,US,US-GA,Atlanta,
192.248.229.0/24,US,US-NY,New York,
192.248.230.0/24,US,US-WA,Seattle,
192.248.231.0/24,GB,GB-LND,London,
192.248.232.0/24,NL,NL-NH,Amsterdam,
192.248.233.0/24,US,US-IL,Chicago,
192.248.234.0/24,US,US-CA,Los Angeles,
192.248.235.0/24,US,US-TX,Dallas-Fort Worth,
192.248.236.0/24,US,US-GA,Atlanta,
192.248.237.0/24,US,US-WA,Seattle,
192.248.238.0/24,US,US-NY,New York,
192.248.239.0/24,US,US-TX,Dallas-Fort Worth,
198.135.142.0/24,US,US-NY,New York,
198.135.143.0/24,US,US-NY,New York,
204.156.168.0/24,US,US-CO,Denver,
204.156.169.0/24,US,US-CA,Los Angeles,
204.156.170.0/24,US,US-IL,Chicago,
204.156.171.0/24,US,US-NY,New York,
204.156.172.0/24,US,US-TX,Dallas-Fort Worth,
204.156.173.0/24,US,US-CA,Los Angeles,
204.156.174.0/24,US,US-IL,Chicago,
204.156.175.0/24,US,US-NY,New York,
206.198.132.0/24,US,US-WA,Seattle,
206.198.133.0/24,US,US-TX,Dallas-Fort Worth,
206.198.134.0/24,US,US-NY,New York,
206.198.135.0/24,US,US-CA,Los Angeles,
209.170.224.0/24,US,US-GA,Atlanta,
209.170.225.0/24,US,US-GA,Atlanta,
209.170.226.0/24,US,US-IL,Chicago,
209.170.227.0/24,US,US-WA,Seattle,
209.170.228.0/24,US,US-CA,Los Angeles,
209.170.229.0/24,US,US-TX,Dallas-Fort Worth,
209.170.230.0/24,US,US-NY,New York,
209.170.231.0/24,US,US-IL,Chicago,
209.170.232.0/24,US,US-WA,Seattle,
209.170.233.0/24,US,US-GA,Atlanta,
209.170.234.0/24,US,US-GA,Atlanta,
209.170.235.0/24,US,US-TX,Dallas-Fort Worth,
209.170.236.0/24,US,US-GA,Atlanta,
209.170.237.0/24,US,US-NY,New York,
209.170.238.0/24,US,US-IL,Chicago,
209.170.239.0/24,US,US-WA,Seattle,
209.170.240.0/24,US,US-WA,Seattle,
209.170.241.0/24,US,US-CA,Los Angeles,
209.170.242.0/24,US,US-IL,Chicago,
209.170.243.0/24,US,US-NY,New York,
209.170.244.0/24,US,US-CA,Los Angeles,
209.170.245.0/24,US,US-GA,Atlanta,
209.170.246.0/24,US,US-NY,New York,
209.170.247.0/24,US,US-TX,Dallas-Fort Worth,
209.202.224.0/24,US,US-NY,New York,
209.202.225.0/24,US,US-GA,Atlanta,
209.202.226.0/24,US,US-TX,Dallas-Fort Worth,
209.202.227.0/24,US,US-CA,Los Angeles,
209.202.228.0/24,US,US-IL,Chicago,
209.202.229.0/24,US,US-GA,Atlanta,
209.202.230.0/24,US,US-NY,New York,
209.202.232.0/24,US,US-TX,Dallas-Fort Worth,
209.202.233.0/24,US,US-CA,Los Angeles,
209.202.234.0/28,GB,GB-LND,London,
209.202.234.16/28,NL,NL-NH,Amsterdam,
209.202.235.0/24,DE,DE-HE,Frankfurt am Main,
209.202.236.0/24,DE,DE-HE,Frankfurt am Main,
209.202.237.0/24,US,US-NY,New York,
209.202.238.0/24,US,US-WA,Seattle,
209.202.239.0/24,US,US-IL,Chicago,
216.75.240.0/24,US,US-IL,Chicago,
216.75.241.0/24,US,US-TX,Dallas-Fort Worth,
216.75.242.0/24,US,US-CA,Los Angeles,
216.75.243.0/24,US,US-NY,New York,
216.75.244.0/24,US,US-NY,New York,
216.75.245.0/24,US,US-CA,San Jose,
216.75.246.0/24,US,US-CO,Denver,
216.75.247.0/24,US,US-VA,Ashburn,
216.75.248.0/24,US,US-GA,Atlanta,
216.75.249.0/24,US,US-TX,Dallas-Fort Worth,
216.75.250.0/24,US,US-CA,Los Angeles,
216.75.251.0/24,US,US-GA,Atlanta,
216.75.252.0/24,US,US-IL,Chicago,
216.75.253.0/24,US,US-TX,Dallas-Fort Worth,
216.75.254.0/24,US,US-NY,New York,
216.75.255.0/24,US,US-CO,Denver,

